Country,Population
BTC,63448.00000000
Ethereum,2597.00000000
Tether,0.99990000
BNB,570.62000000
Solana,154.95000000
USDC,1.00000000
XRP,0.61940000
Dogecoin,0.11780000
Toncoin,5.83000000
TRON,0.15620000
Cardano,0.38150000
Avalanche,28.23000000
Shiba Inu,0.00001783
Chainlink,11.98000000
Polkadot,4.55100000
